customerID,Churn
4703-MQYKT,Yes
9572-WUKSB,No
9717-IOAAF,Yes
1818-ESQMW,No
0078-XZMHT,No
4918-QLLIW,Yes
8221-EQDGL,No
1930-BZLHI,No
3410-YOQBQ,Yes
2798-NYLMZ,No
7675-OZCZG,No
0562-KBDVM,No
2824-DXNKN,Yes
6917-YACBP,No
6898-MDLZW,No
5095-ETBRJ,Yes
0214-JHPFW,No
5566-SOEZD,No
5624-RYAMH,No
3987-KQDDU,No
0913-XWSCN,No
1779-PWPMG,No
9137-UIYPG,No
4190-MFLUW,No
6928-ONTRW,No
6941-PMGEP,No
0742-MOABM,No
9474-PHLYD,No
5732-IKGQH,Yes
1941-HOSAM,No
9947-OTFQU,No
1767-CJKBA,Yes
6729-GDNGC,No
5989-AXPUC,No
9259-PACGQ,No
5922-ABDVO,No
1444-VVSGW,No
5286-YHCVC,No
7248-VZQLC,No
0064-YIJGF,Yes
9190-MFJLN,Yes
2962-XPMCQ,No
8963-MQVYN,Yes
5876-HZVZM,No
3685-YLCMQ,No
8042-JVNFH,Yes
7951-VRDVK,No
8917-SZTTJ,No
0655-RBDUG,Yes
6897-RWMUB,Yes
4431-EDMIQ,Yes
3161-GETRM,No
5424-RLQLC,No
5140-FOMCQ,No
4018-PPNDW,No
9728-FTTVZ,Yes
9821-POOTN,No
2920-RNCEZ,Yes
7568-PODML,No
1627-AFWVJ,No
8752-IMQOS,No
7622-NXQZR,Yes
4006-HKYHO,No
3420-YJLQT,No
1049-FYSYG,No
8580-QVLOC,No
0611-DFXKO,No
5840-NVDCG,No
6738-ISCBM,No
4282-MSACW,No
4195-NZGTA,No
9061-TIHDA,Yes
6773-LQTVT,No
3768-VHXQO,Yes
5339-PXDVH,No
7771-CFQRQ,No
2931-VUVJN,No
7693-LCKZL,No
1846-XWOQN,No
6140-QNRQQ,No
9637-CDTKZ,No
1506-YJTYT,No
1699-UOTXU,No
5515-AKOAJ,No
0133-BMFZO,No
4774-HHGGS,Yes
3323-CPBWR,No
1086-LXKFY,No
4335-BSMJS,Yes
5133-VRSAB,No
4450-MDZFX,No
2011-TRQYE,Yes
9068-VPWQQ,No
6777-TGHTM,No
6736-DHUQI,No
5461-QKNTN,No
9845-QOMAD,No
0657-DOGUM,No
2368-GAKKQ,No
4584-LBNMK,No
8785-CJSHH,No
8799-OXZMD,No
4942-VZZOM,Yes
2400-FEQME,No
9938-TKDGL,No
7776-QGYJC,No
4445-ZJNMU,No
4138-NAXED,No
6692-UDPJC,Yes
4819-HJPIW,No
4611-ANLQC,No
8932-CZHRQ,Yes
6682-QJDGB,No
6993-YGFJV,No
7233-PAHHL,No
4846-WHAFZ,No
7369-TRPFD,Yes
4039-HEUNW,No
0674-EYYZV,No
5828-DWPIL,No
3644-QXEHN,No
8668-KNZTI,No
0709-TVGUR,No
1970-KKFWL,No
8606-CIQUL,No
9445-SZLCH,No
7632-MNYOY,No
6377-WHAOX,No
4393-OBCRR,No
3911-RSNHI,No
8229-TNIQA,Yes
7971-HLVXI,No
7629-WFGLW,No
3070-DVEYC,No
5135-RDDQL,No
8071-SBTRN,No
3967-KXAPS,No
1140-UKVZG,No
3675-EQOZA,No
6507-ZJSUR,No
2607-FBDFF,Yes
0270-THENM,No
9483-GCPWE,No
5445-PZWGX,No
7908-QCBCA,No
6583-KQJLK,Yes
6897-UUBNU,No
4132-POCZS,No
5176-LMJXE,Yes
4415-WNGVR,No
2379-ENZGV,Yes
2530-FMFXO,Yes
8245-UMPYT,Yes
7710-JSYOA,No
6461-PPAXN,No
4619-EVPHY,No
2346-DJQTB,No
4979-HPRFL,No
7249-WBIYX,No
3750-RNQKR,Yes
4257-GAESD,No
0519-DRGTI,No
2718-GAXQD,No
8272-ONJLV,No
2080-SRCDE,Yes
8328-SKJNO,Yes
9281-OFDMF,No
9360-OMDZZ,No
4123-FCVCB,Yes
6933-VLYFX,Yes
8690-UPCZI,Yes
5383-MMTWC,Yes
6242-SGYTS,Yes
1047-NNCBF,No
3038-PQIUY,No
4012-YCFAI,Yes
5605-IYGFG,Yes
2446-BEGGB,No
8204-YJCLA,No
5600-PDUJF,No
1179-INLAT,Yes
1725-IQNIY,No
2419-FSORS,No
8807-ARQET,Yes
4625-EWPTF,No
3460-TJBWI,Yes
6120-RJKLU,No
3841-NFECX,No
6303-KFWSL,No
5707-ZMDJP,No
3066-RRJIO,Yes
3569-EDBPQ,No
2812-REYAT,No
7217-JYHOQ,No
0334-ZFJSR,No
2690-DVRVK,No
4063-EIKNQ,No
1725-MIMXW,No
3865-ZYKAD,No
2068-WWXQZ,No
0233-FTHAV,Yes
0439-IFYUN,No
3957-SQXML,No
0196-VULGZ,No
3865-YIOTT,No
9348-ROUAI,Yes
4940-KHCWD,No
7905-NJMXS,Yes
3658-QQJYD,No
4671-LXRDQ,No
3018-TFTSU,No
3319-DWOEP,No
5481-NTDOH,No
1833-VGRUM,No
0607-MVMGC,No
4210-QFJMF,No
8840-DQLGN,Yes
0602-DDUML,No
5777-KJIRB,No
0708-LGSMF,Yes
5630-AHZIL,No
2882-WDTBA,No
6728-VOIFY,No
6218-KNUBD,Yes
7839-QRKXN,No
5562-BETPV,No
3778-FOAQW,Yes
5804-LEPIM,No
4884-TVUQF,Yes
5937-EORGB,No
2951-QOQTK,No
6952-OMNWB,No
5975-BAICR,No
8587-XYZSF,No
2615-YVMYX,No
0431-APWVY,Yes
2207-QPJED,No
1469-LBJQJ,No
7107-UBYKY,No
3096-YXENJ,No
3452-ABWRL,No
8270-RKSAP,No
0378-TOVMS,Yes
0345-XMMUG,No
9167-APMXZ,No
4597-NUCQV,No
4873-ILOLJ,Yes
3920-HIHMQ,No
1661-CZBAU,No
9572-MTILT,Yes
4989-LIXVT,No
9442-JTWDL,No
9441-QHEVC,No
7673-LPRNY,No
9237-HQITU,No
9605-WGJVW,Yes
2237-ZFSMY,No
8679-JOEVF,No
5146-CBVOE,No
6661-EIPZC,No
2043-WVTQJ,Yes
2961-VNFKL,Yes
8812-ZRHFP,Yes
2657-ALMWY,No
6350-XFYGW,No
4059-IIEBK,No
5312-UXESG,No
7901-IIDQV,No
1257-SXUXQ,Yes
1154-HYWWO,No
2205-YMZZJ,Yes
7683-CBDKJ,Yes
2911-UREFD,No
9170-ARBTB,Yes
2137-DQMEV,No
8042-RNLKO,No
8070-AAWZP,No
1764-VUUMT,Yes
2432-TFSMK,Yes
8022-BECSI,Yes
5955-EPOAZ,No
5626-MGTUK,No
9142-XMYJH,No
0178-SZBHO,No
3191-CSNMG,No
2239-CFOUJ,Yes
7673-BQGKU,No
5222-IMUKT,No
5482-NUPNA,No
1855-CFULU,No
6685-GBWJZ,No
4825-XJGDM,No
5568-DMXZS,No
6919-ELBGL,No
6319-IEJWJ,Yes
7587-RZNME,No
2880-FPNAE,Yes
9399-APLBT,No
8999-YPYBV,No
6814-ZPWFQ,Yes
9337-SRRNI,No
2748-MYRVK,No
8785-EPNCG,No
0357-NVCRI,No
2254-DLXRI,Yes
7101-HRBLJ,No
5766-FTRTS,No
7314-OXENN,No
5298-GSTLM,No
6289-CPNLD,No
8778-LMWTJ,No
7993-PYKOF,No
8824-RWFXJ,No
5748-RNCJT,No
1167-OYZJF,No
5032-MIYKT,Yes
7075-BNDVQ,No
7021-XSNYE,No
7501-IWUNG,Yes
9500-WBGRP,No
6060-DRTNL,No
5609-CEBID,No
2868-LLSKM,No
9796-MVYXX,Yes
6408-WHTEF,Yes
9306-CPCBC,Yes
5884-FBCTL,Yes
3766-EJLFL,No
4641-FROLU,No
2195-ZRVAX,Yes
1557-EMYVT,No
6092-QZVPP,No
4937-QPZPO,No
8822-KNBHV,Yes
7996-MHXLW,Yes
4118-CEVPF,No
8920-NAVAY,No
3768-NLUBH,No
7854-FOKSF,No
3422-GALYP,Yes
5141-ZUVBH,No
1195-OIYEJ,No
1270-XKUCC,No
0980-PVMRC,No
0702-PGIBZ,Yes
6416-YJTTB,Yes
7394-FKDNK,No
0537-QYZZN,No
0397-GZBBC,No
9033-EOXWV,Yes
1374-DMZUI,No
5127-BZENZ,No
6419-ZTTLE,Yes
1899-VXWXM,No
3696-DFHHB,No
3422-WJOYD,Yes
5935-FCCNB,No
2692-PFYTJ,No
3807-XHCJH,No
9223-UCPVT,Yes
7108-DGVUU,No
6353-BRMMA,No
6616-AALSR,No
0014-BMAQU,No
0455-ENTCR,No
8318-LCNBW,No
0743-HRVFF,No
5442-BHQNG,Yes
0212-ISBBF,No
2056-EVGZL,No
2954-PIBKO,No
9708-KFDBY,No
9274-UARKJ,Yes
5872-OEQNH,No
2560-PPCHE,No
7401-RUBNK,Yes
5215-LNLDJ,No
7180-PISOG,No
1323-OOEPC,No
7643-RCHXS,No
4459-BBGHE,No
7740-BTPUX,Yes
9026-LHEVG,No
4891-NLUBA,No
4139-DETXS,No
3269-ATYWD,No
8648-PFRMP,Yes
9050-IKDZA,No
8950-MTZNV,Yes
5014-GSOUQ,No
8069-YQQAJ,No
7322-OCWHC,Yes
4770-QAZXN,No
7472-EQOAV,No
8309-IEYJD,No
2984-RGEYA,No
0374-FIUCA,No
6821-JPCDC,No
4020-KIUDI,Yes
1792-UXAFY,No
6633-SYEUS,Yes
2378-YIZKA,No
8805-JNRAZ,No
8943-URTMR,No
7869-ZYDST,No
7717-BICXI,No
1035-IPQPU,No
5797-APWZC,No
9850-OWRHQ,No
5701-SVCWR,Yes
8854-CCVSQ,No
0141-YEAYS,No
7353-YOWFP,No
8582-KRHPJ,No
6175-IRFIT,No
5756-OZRIO,Yes
9837-FWLCH,No
2277-BKJKN,No
4707-YNOQA,Yes
0975-UYDTX,Yes
8164-OCKUJ,No
4674-HGNUA,No
3714-NTNFO,No
0530-IJVDB,Yes
0112-QAWRZ,No
6475-VHUIZ,No
8593-WHYHV,No
4884-LEVMQ,Yes
5201-USSQZ,No
2186-QZEYA,Yes
7779-ORAEL,Yes
8364-TRMMK,No
0315-LVCRK,Yes
0836-SEYLU,No
1842-EZJMK,No
3936-QQFLL,Yes
7206-PQBBZ,No
8982-NHAVY,No
3196-NVXLZ,No
9150-HEPMB,Yes
2320-JRSDE,Yes
3173-NVMPX,No
7109-MFBYV,No
7253-UVNDW,No
2000-MPKCA,No
3174-RKMOW,No
8722-NGNBH,No
9221-OTIVJ,No
0748-RDGGM,No
2495-INZWQ,No
5402-HTOTQ,No
0675-NCDYU,No
1187-WILMM,No
5512-IDZEI,No
1231-YNDEK,No
6000-APYLU,No
1682-VCOIO,No
0264-CNITK,No
5899-OUVKV,No
4236-UJPWO,Yes
0601-WZHJF,Yes
3472-QPRCH,No
2754-VDLTR,No
1600-DILPE,No
2560-QTSBS,No
8161-QYMTT,No
3583-EKAPL,No
1106-HRLKZ,No
8266-VBFQL,No
0330-IVZHA,No
8619-IJNDK,No
2558-BUOZZ,Yes
5778-BVOFB,No
8634-MPHTR,No
5480-HPRRX,No
2700-LUEVA,Yes
5644-PDMZC,Yes
3049-SOLAY,No
4660-IRIBM,No
9972-VAFJJ,No
7780-OTDSO,Yes
9150-KPBJQ,Yes
2521-NPUZR,No
8111-RKSPX,No
3091-FYHKI,No
2398-YPMUR,No
7273-TEFQD,No
0151-ONTOV,No
4307-KWMXE,No
7142-HVGBG,No
9135-MGVPY,No
2834-SPCJV,No
2819-GWENI,No
2065-MMKGR,No
0993-OSGPT,No
2314-TNDJQ,No
0584-BJQGZ,No
2259-OUUSZ,No
9133-AYJZG,Yes
8901-HJXTF,No
0083-PIVIK,Yes
5986-WWXDV,Yes
4647-MUZON,No
3926-CUQZX,No
7242-EDTYC,No
9633-DENPU,No
7879-CGSFV,Yes
8017-UVSZU,No
7044-YAACC,No
0701-TJSEF,No
5681-LLOEI,No
3847-BAERP,No
2144-ESWKO,No
5052-PNLOS,No
2956-GGUCQ,No
7534-BFESC,Yes
4745-LSPLO,No
1686-STUHN,No
9606-PBKBQ,No
5044-LRQAQ,No
9242-TKFSV,No
8361-LTMKD,No
2321-OMBXY,No
1813-JLKWR,Yes
0114-RSRRW,No
9993-LHIEB,Yes
0968-GSIKN,No
1333-PBMXB,No
8993-IZEUX,No
0265-PSUAE,No
2474-LCNUE,No
9732-EQMWY,Yes
5016-IBERQ,No
7305-ZWMAJ,No
7799-LGRDP,No
3748-FVMZZ,No
9734-YWGEX,No
8929-KSWIH,No
0867-MKZVY,No
3482-ABPKK,No
6725-TPKJO,No
2408-PSJVE,No
0301-KOBTQ,No
6370-ZVHDV,No
2263-SFSQZ,No
5126-RCXYW,No
8741-LQOBK,No
7850-THJMU,Yes
4029-HPFVY,No
5180-UCIIQ,No
3594-IVHJZ,Yes
7750-EYXWZ,No
8393-DLHGA,Yes
0829-DDVLK,No
9504-YAZWB,Yes
6100-QQHEB,Yes
7351-KYHQH,No
2239-CGBUZ,No
2817-LVCPP,No
3227-WLKLI,No
0310-SUCIN,No
6035-BXTTY,No
0678-RLHVP,No
6142-VSJQO,No
5468-BPMMO,No
7241-AJHFS,No
9465-RWMXL,No
7061-OVMIM,No
9943-VSZUV,Yes
4827-LTQRJ,No
8259-NFJTV,No
7601-GNDYK,No
6867-ACCZI,No
5074-FBGHB,No
1057-FOGLZ,No
4632-PAOYU,No
2709-UQGNP,No
8735-NBLWT,No
8984-EYLLL,No
3274-NSDWE,Yes
4432-ADRLB,Yes
1261-FWTTE,No
0373-AIVNJ,No
5382-TEMLV,No
4021-RQSNY,Yes
7030-FZTFM,No
8267-ZNYVZ,No
6139-ZZRBQ,No
3200-MNQTF,No
7157-SMCFK,No
2573-GYRUU,No
5959-BELXA,No
8067-NIOYM,No
4468-YDOVK,No
5977-CKHON,Yes
0667-NSRGI,No
0104-PPXDV,Yes
8043-PNYSD,No
8374-XGEJJ,No
5376-DEQCP,No
3318-NMQXL,No
2391-SOORI,No
4106-HADHQ,No
2460-FPSYH,No
7508-SMHXL,No
6648-INWPS,Yes
4817-VYYWS,No
1226-UDFZR,No
0181-RITDD,Yes
3978-YNKDD,No
0440-UEDAI,No
9909-IDLEK,No
9107-UKCKY,Yes
3012-VFFMN,No
7611-YKYTC,No
7560-QJAVJ,No
8573-JGCZW,No
3696-XRIEN,Yes
9128-CPXKI,No
6242-FEGFD,No
5649-ANRML,No
4080-IIARD,Yes
1927-QEWMY,No
6203-HBZPA,No
5965-GGPRW,No
4003-FUSHP,No
6650-VJONK,No
1621-YNCJH,No
8191-XWSZG,No
9473-CBZOP,Yes
9297-EONCV,No
3739-YBWAB,No
9957-YODKZ,No
8237-ULIXL,No
6051-PTVNS,Yes
2380-DAMQP,No
8752-STIVR,Yes
5884-GCYMI,No
7571-YXDAD,No
3744-ZRRDZ,Yes
9481-WHGWY,No
3806-YAZOV,No
6972-SNKKW,No
3237-AJGEH,Yes
9592-ERDKV,Yes
9715-SBVSU,No
1934-SJVJK,Yes
3678-MNGZX,No
3084-DOWLE,No
9330-IJWIO,No
8714-CTZJW,No
9862-KJTYK,No
7609-NRNCA,No
4797-AXPXK,No
6765-MBQNU,No
3932-IJWDZ,No
0730-KOAVE,No
0618-XWMSS,No
3205-MXZRA,No
1183-CANVH,No
5153-RTHKF,No
4710-FDUIZ,No
4710-NKCAW,No
7123-WQUHX,No
4588-YBNIB,No
9503-XJUME,No
9053-JZFKV,No
9073-ZZIAY,No
5294-DMSFH,No
5542-TBBWB,No
6521-YYTYI,No
0106-UGRDO,No
9139-WQQDY,Yes
0623-EJQEG,Yes
4903-CNOZC,No
5498-TXHLF,No
1135-LMECX,Yes
7271-AJDTL,No
2676-ISHSF,No
4913-EHYUI,No
3166-PNEOF,Yes
6050-IJRHS,Yes
6615-NGGZJ,Yes
0644-OQMDK,No
8051-HJRLT,No
5035-PGZXH,No
8357-EQXFO,No
7669-LCRSD,Yes
7614-QVWQL,Yes
0909-SDHNU,No
9732-KPKBW,No
9283-LZQOH,No
9675-ICXCT,Yes
1304-BCCFO,No
9766-HGEDE,No
9574-BOSMD,No
7977-HXJKU,No
3230-JCNZS,No
8336-TAVKX,No
6719-OXYBR,No
1862-SKORY,Yes
8679-LZBMD,No
2171-UDMFD,No
9300-AGZNL,No
5039-LZRQT,No
7714-YXSMB,Yes
1215-EXRMO,No
6556-DBKZF,No
6377-KSLXC,Yes
0100-DUVFC,No
6061-GWWAV,No
3640-JQGJG,No
8059-UDZFY,No
7841-TZDMQ,No
4801-JZAZL,Yes
2696-ECXKC,No
5716-LIBJC,No
8792-AOROI,No
6942-LBFDP,No
9717-QEBGU,Yes
1031-IIDEO,No
7629-WIXZF,No
1564-HJUVY,No
4950-BDEUX,No
4489-SNOJF,Yes
8985-OOPOS,No
9530-GRMJG,Yes
6376-GAHQE,Yes
5465-BUBFA,No
5593-SUAOO,No
9904-EHEVJ,No
0929-PECLO,Yes
0701-RFGFI,Yes
3669-OYSJI,No
0487-CRLZF,No
5668-MEISB,No
5553-AOINX,No
2753-JMMCV,No
3703-KBKZP,No
5161-XEUVX,No
4402-FTBXC,Yes
5338-YHWYT,No
8216-AZUUZ,No
1216-BGTSP,No
7134-HBPBS,Yes
2466-FCCPT,No
3181-MIZBN,No
8639-NHQEI,No
1217-VASWC,Yes
4587-NUKOX,No
5366-IJEQJ,Yes
8344-WFMFH,No
2180-DXNEG,No
1212-GLHMD,No
3165-HDOEW,No
2223-GDSHL,Yes
6741-QRLUP,Yes
1265-ZFOSD,No
6394-HHHZM,No
2469-DTSGX,No
3705-PSNGL,Yes
7011-CVEUC,No
8257-RZAHR,Yes
3452-FLHYD,No
2203-GHNWN,No
8329-UTMVM,Yes
8544-JNBOX,Yes
2342-CKIAO,Yes
1543-LLLFT,No
5949-EBSQK,No
2740-TVLFN,No
2359-QWQUL,Yes
3518-FSTWG,No
1074-AMIOH,Yes
9348-YVOMK,No
0513-RBGPE,No
4376-KFVRS,No
8160-HOWOX,No
5206-HPJKM,No
0536-ESJEP,No
3082-WQRVY,No
5249-QYHEX,No
1567-DSCIC,No
0058-EVZWM,No
5663-QBGIS,No
0907-HQNTS,No
2568-OIADY,No
1763-KUAAW,No
3722-WPXTK,No
1310-QRITU,Yes
0489-WMEMG,Yes
5453-AXEPF,No
4378-BZYFP,No
3178-FESZO,Yes
5377-NDTOU,No
3339-EAQNV,No
0409-WTMPL,Yes
3845-FXCYS,No
8398-TBIYD,Yes
2651-ZCBXV,No
0191-EQUUH,No
9290-SHCMB,No
0068-FIGTF,Yes
3785-NRHYR,No
2243-FNMMI,No
6504-VBLFL,Yes
0397-ZXWQF,Yes
1895-QTKDO,No
0744-BIKKF,No
1452-VOQCH,No
9385-NXKDA,Yes
3011-WQKSZ,No
9860-LISIZ,No
8930-XOTDP,Yes
5066-GFJMM,No
5325-UWTWJ,No
1641-RQDAY,Yes
0376-OIWME,No
7855-DIWPO,No
9681-OXGVC,No
2322-VCZHZ,No
0730-BGQGF,No
7503-ZGUZJ,No
6297-NOOPG,Yes
8651-ENBZX,No
3580-GICBM,No
8053-WWDRO,No
5982-XMDEX,Yes
3331-HQDTW,Yes
4289-DTDKW,No
9286-BHDQG,No
3057-VJJQE,Yes
8085-MSNLK,No
1708-PBBOA,No
7296-PIXQY,No
5847-MXBEO,No
4488-PSYCG,Yes
5357-TZHPP,Yes
3557-HTYWR,No
1552-AAGRX,No
0621-TSSMU,Yes
4554-YGZIH,No
4123-DVHPH,No
0567-GGCAC,Yes
7234-FECYN,Yes
9134-WYRVP,No
6410-LEFEN,No
2504-DSHIH,No
8099-MZPUJ,Yes
7285-KLOTR,No
8049-WJCLQ,No
4927-WWOOZ,No
6621-NRZAK,Yes
1498-DQNRX,Yes
0071-NDAFP,No
0988-AADSA,Yes
9992-RRAMN,No
1061-PNTHC,Yes
5599-HVLTW,Yes
0744-GKNGE,No
2023-VQFDL,No
7892-QVYKW,Yes
4291-YZODP,No
4883-KCPZJ,No
2085-BOJKI,No
1707-HABPF,No
7527-QNRUS,No
0193-ESZXP,No
8882-TLVRW,Yes
8465-SBRXP,No
0746-JTRFU,No
5985-TBABQ,No
0130-SXOUN,Yes
9374-YOLBJ,No
5429-LWCMV,No
8740-XLHDR,No
9987-LUTYD,No
2683-JXWQQ,No
8849-AYPTR,No
2408-WITXK,No
4316-XCSLJ,No
8169-SAEJD,No
7881-INRLC,No
9489-DEDVP,Yes
4056-QHXHZ,No
0876-WDUUZ,No
5322-TEUJK,No
3566-VVORZ,Yes
9172-ANCRX,No
1840-BIUOG,No
6959-UWKHF,Yes
3230-WYKIR,No
7395-IGJOS,No
4753-PADAS,No
8974-OVACP,No
9711-FJTBX,No
5175-AOBHI,No
2595-KIWPV,No
2363-BJLSL,No
4546-FOKWR,No
9938-ZREHM,No
0222-CNVPT,No
5186-SAMNZ,No
0440-MOGPM,Yes
7250-EQKIY,Yes
9695-IDRZR,No
4450-DLLMH,No
1716-LSAMB,No
2673-ZALNP,No
1663-MHLHE,No
3007-FDPEA,No
9702-AIUJO,No
9885-MFVSU,No
9115-YQHGA,No
2812-ENYMO,No
8757-TFHHJ,No
7140-ADSMJ,No
6598-KELSS,Yes
3750-CKVKH,Yes
8544-GOQSH,Yes
2160-GPFXD,Yes
8356-WUAOJ,No
1023-BQXZE,Yes
4277-PVRAN,No
5149-QYTTU,No
0842-IWYCP,No
6728-CZFEI,No
0886-QGENL,No
1746-TGTWV,Yes
4686-GEFRM,Yes
8838-GPHZP,No
4844-JJWUY,No
7493-TPUWZ,No
6821-BUXUX,No
0040-HALCW,No
2511-ALLCS,No
8645-KWHJO,No
2428-HYUNX,Yes
5724-BIDBU,No
2892-GESUL,No
7105-BENQF,No
4238-JSSWH,No
2465-BLLEU,No
9281-PKKZE,No
1293-BSEUN,No
2889-FPWRM,No
9317-WZPGV,Yes
5916-QEWPT,Yes
3776-EKTKM,No
4948-WBBKL,Yes
5997-OPVFA,No
5060-TQUQN,Yes
9365-SRSZE,No
5501-TVMGM,Yes
2675-OTVVJ,No
2898-MRKPI,No
9531-NSBMR,No
0220-EBGCE,No
0121-SNYRK,Yes
4176-RELJR,Yes
3597-MVHJT,No
3070-BDOQC,No
0685-MLYYM,No
8213-TAZPM,No
5889-JTMUL,No
4735-BJKOU,No
2782-JEEBU,Yes
4433-JCGCG,Yes
9137-NOQKA,No
0201-MIBOL,No
3621-CEOVK,No
7196-LIWRH,No
6980-CDGFC,No
3855-ONCAR,No
9057-MSWCO,No
6924-TDGMT,No
5945-AZYHT,Yes
4912-PIGUY,No
0668-OGMHD,No
8510-BBWMU,No
6771-XWBDM,No
1960-UYCNN,No
0082-OQIQY,Yes
3882-IYOIJ,No
4110-PFEUZ,No
0684-AOSIH,Yes
8992-VONJD,No
1928-BXYIV,No
3587-PMCOY,No
2361-FJWNO,No
1047-RNXZV,No
4664-NJCMS,No
8800-JOOCF,Yes
1052-QJIBV,Yes
0781-LKXBR,No
6465-GSRCL,Yes
9448-REEVD,No
1658-TJVOA,No
9692-TUSXH,No
9432-RUVSL,Yes
1401-FTHFQ,No
4482-EWFMI,No
5310-NOOVA,No
0603-TPMIB,Yes
8387-MOJJT,No
3545-CNWRG,Yes
9696-RMYBA,No
6670-MFRPK,Yes
4702-HDRKD,No
0023-UYUPN,No
1051-GEJLJ,No
4091-TVOCN,Yes
9450-TRJUU,No
7876-BEUTG,Yes
9090-SGQXL,No
0859-YGKFW,No
3669-LVWZB,No
0230-UBYPQ,Yes
3951-NJCVI,No
7550-WIQVA,No
3108-PCCGG,No
8931-GJJIQ,No
7130-VTEWQ,No
1925-LFCZZ,No
2153-MREFK,No
7783-YKGDV,No
5108-ADXWO,No
9514-JDSKI,No
6567-HOOPW,No
0594-UFTUL,No
1396-QWFBJ,No
5685-IIXLY,Yes
8097-OMULG,Yes
0323-XWWTN,No
7890-VYYWG,Yes
5868-YTYKS,No
8039-EQPIM,No
6087-MVHJH,Yes
4671-VJLCL,No
2967-MXRAV,No
0931-MHTEM,Yes
5216-WASFJ,Yes
4537-CIBHB,Yes
4678-DVQEO,No
4295-YURET,No
1568-LJSZU,No
9661-JALZV,No
3209-ZPKFI,No
5276-KQWHG,Yes
0419-YAAPX,No
5076-YVXCM,No
0383-CLDDA,Yes
4332-MUOEZ,No
8510-AWCXC,No
8292-ITGYJ,No
2739-CCZMB,No
1925-GMVBW,No
7148-XZPHA,No
7722-VJRQD,Yes
5616-PRTNT,Yes
1229-RCALF,No
2642-DTVCO,No
1866-RZZQS,No
0139-IVFJG,No
3096-JRDSO,No
4086-ATNFV,Yes
0925-VYDLG,No
5505-OVWQW,Yes
1455-UGQVH,No
2468-SJFLM,No
3413-BMNZE,No
7449-HVPIV,No
9191-MYQKX,No
2538-OIMXF,Yes
9369-XFEHK,No
1251-KRREG,No
3933-DQPWX,No
6341-AEVKX,No
4837-PZTIC,No
1384-RCUXW,Yes
6082-GLJIX,No
5380-WJKOV,No
0621-HJWXJ,No
3787-TRIAL,No
4381-MHQDC,No
2154-KVJFF,No
3923-CSIHK,No
0967-BMLBD,No
3283-WCWXT,No
5684-FJVYR,No
3620-MWJNE,Yes
4909-JOUPP,Yes
4957-TIALW,No
5133-POWUA,No
9297-FVVDH,No
4910-AQFFX,No
1208-DNHLN,No
0689-DSXGL,No
2858-EIMXH,Yes
6996-KNSML,No
4840-ORQXB,No
3977-QCRSL,Yes
5404-GGUKR,No
7853-OETYL,No
6828-HMKWP,Yes
1744-JHKYS,No
3324-OIRTO,No
4140-MUHUG,No
7446-SFAOA,No
1576-PFZIW,No
7605-SNLQG,No
6075-QMNRR,No
8249-THVEC,No
9479-HYNYL,No
4302-ZYFEL,No
0596-BQCEQ,No
7134-MJPDY,Yes
9127-QRZMH,No
4553-DVPZG,No
0471-ARVMX,No
1942-OQFRW,Yes
7975-TZMLR,No
2347-WKKAE,No
3452-GWUIN,Yes
5130-YPIRV,No
7576-JMYWV,No
6500-JVEGC,No
4282-YMKNA,Yes
3266-FTKHB,No
6286-SUUWT,No
2316-ESMLS,No
3597-YASZG,No
2018-PZKMU,Yes
8784-CGILN,No
6770-UAYGJ,No
3413-DHLPB,Yes
8089-UZWLX,No
7153-CHRBV,No
7581-EBBOU,No
3487-EARAT,No
2486-WYVVE,No
0177-PXBAT,No
1636-NTNCO,No
4318-RAJVY,No
1465-WCZVT,Yes
2150-UWTFY,No
5578-NKCXI,No
9708-HPXWZ,No
7760-OYPDY,Yes
9547-ITEFG,No
9184-GALIL,Yes
3720-DBRWL,No
6538-POCHL,Yes
7711-GQBZC,No
4583-PARNH,No
1845-ZLLIG,Yes
6198-ZFIOJ,No
4957-SREEC,Yes
1624-NALOJ,No
0787-LHDYT,No
7969-AULMZ,Yes
8050-XGRVL,No
4652-ODEVH,No
6077-BDPXA,Yes
6986-IXNDM,No
0248-IPDFW,No
8327-WKMIE,No
9588-OZDMQ,No
7129-AZJDE,No
1689-MRZQR,Yes
3990-QYKBE,No
0289-IVARM,No
9840-DVNDC,No
2202-OUTMO,No
0017-IUDMW,No
0206-OYVOC,No
9114-AAFQH,No
0436-TWFFZ,No
7693-QPEFS,Yes
8008-OTEZX,Yes
8384-FZBJK,No
5119-KEPFY,Yes
8183-ONMXC,No
4585-HETAI,Yes
1391-UBDAR,No
1834-ABKHQ,No
7008-LZVOZ,No
7753-USQYQ,Yes
5198-HQAEN,Yes
3074-GQWYX,No
0628-CNQRM,Yes
5248-RPYWW,No
2697-NQBPF,Yes
4291-HYEBC,No
7131-ZQZNK,No
7746-QYVCO,No
8148-BPLZQ,No
4484-CGXFK,Yes
2519-LBNQL,Yes
5125-CNDSP,No
7634-HLQJR,No
5380-XPJNZ,Yes
1915-OAKWD,No
9643-YBLUR,Yes
7729-JTEEC,No
2511-MORQY,No
3126-WQMGH,Yes
1157-BQCUW,No
6016-NXBNJ,Yes
0541-FITGH,Yes
9798-OPFEM,No
4077-CROMM,No
3889-VWBID,No
2382-BCKQJ,Yes
9548-LIGTA,Yes
8884-ADFVN,No
2811-POVEX,No
6892-XPFPU,No
7072-MBHEV,No
3143-JQEGI,Yes
5482-VXSXJ,No
3374-TTZTK,No
5405-ZMYXQ,Yes
9795-NREXC,No
3090-LETTY,Yes
7080-TNUWP,No
8597-CTXVJ,No
0137-OCGAB,No
0689-NKYLF,No
8146-QQKZH,No
2829-HYVZP,No
2746-DIJLO,No
9378-FXTIZ,No
6366-XIVKZ,Yes
8859-DZTGQ,No
0786-IVLAW,No
7767-UXAGJ,No
5934-RMPOV,Yes
2682-KEVRP,No
5038-ETMLM,No
1343-EHPYB,Yes
2085-JVGAD,No
4531-AUZNK,Yes
3995-WFCSM,Yes
2138-VFAPZ,Yes
3583-KRKMD,No
3247-MHJKM,No
7519-JTWQH,No
5960-MVTUK,No
1794-HBQTJ,No
4718-DHSMV,No
1679-JRFBR,No
9067-SQTNS,No
5565-FILXA,No
3391-JSQEW,Yes
7503-MIOGA,Yes
5862-BRIXZ,Yes
7839-NUIAA,Yes
6923-AQONU,No
7049-GKVZY,Yes
5046-NUHWD,No
0208-BPQEJ,Yes
3643-AHCFP,Yes
8455-HIRAQ,No
1585-MQSSU,No
9397-TZSHA,Yes
7537-CBQUZ,No
2519-ERQOJ,No
7795-CFOCW,Yes
7516-GMHUV,No
3129-AAQOU,No
7529-ZDFXI,Yes
9776-CLUJA,No
5628-RKIFK,Yes
4782-OSFXZ,No
4987-GQWPO,No
6017-PPLPX,No
8774-GSBUN,No
2359-KLTEK,No
2150-WLKUW,Yes
9763-GRSKD,No
5440-VHLUL,No
3486-HOOGQ,No
4631-OACRM,No
7000-WCEVQ,No
4086-YQSNZ,No
1658-XUHBX,Yes
1915-IOFGU,No
4114-QMKVN,No
0215-BQKGS,No
2404-JIBFC,Yes
3190-FZATL,No
2362-IBOOY,No
0430-IHCDJ,No
8498-XXGWA,No
7036-ZZKBD,No
5811-IWXYM,Yes
5240-IJOQT,Yes
9025-ZRPVR,No
6161-ERDGD,No
2232-DMLXU,No
7931-PXHFC,No
6575-SUVOI,Yes
7112-OPOTK,No
1291-CUOCY,Yes
1060-ENTOF,Yes
0587-DMGBH,No
1803-BGNBD,Yes
7665-NKLAV,No
2273-QCKXA,No
1335-NTIUC,No
4334-HOWRP,Yes
3511-APPBJ,No
2931-XIQBR,No
1272-ILHFG,No
6641-XRPSU,No
5622-UEJFI,No
4836-WNFNO,No
4716-HHKQH,No
8262-COGGB,No
5816-JMLGY,Yes
8755-IWJHN,No
0463-ZSDNT,No
0559-CKHUS,No
5504-WSIUR,Yes
4905-JEFDW,Yes
3858-VOBET,No
2082-CEFLT,No
5222-JCXZT,No
0962-CQPWQ,No
4636-JGAAI,No
5236-PERKL,No
9730-DRTMJ,No
9146-JRIOX,No
9992-UJOEL,No
6599-CEBNN,No
3352-ALMCK,No
2100-BDNSN,No
5269-NRGDP,No
8148-WOCMK,No
1599-EAHXY,No
6323-AYBRX,No
0824-VWDPO,Yes
1757-TCATG,Yes
9277-JOOMO,Yes
5686-CMAWK,Yes
8745-PVESG,No
7596-LDUXP,Yes
2919-HBCJO,No
2995-UPRYS,No
3244-CQPHU,No
6128-AQBMT,Yes
2482-CZGBB,No
4565-EVZMJ,No
9639-BUJXT,No
0943-ZQPXH,No
5025-GOOKI,No
8782-NUUOL,No
1131-ALZWV,No
2226-ICFDO,No
2091-MJTFX,No
4854-SSLTN,Yes
7733-UDMTP,No
5090-EMGTC,No
3312-UUMZW,No
6728-WYQBC,No
3621-CHYVB,No
0822-QGCXA,No
5307-UVGNB,No
3211-AAPKX,No
2930-UOTMB,No
4750-UKWJK,No
6651-RLGGM,No
6968-GMKPR,No
5442-BXVND,No
4177-JPDFU,No
2905-KFQUV,No
4636-OLWOE,No
6543-CPZMK,No
5073-RZGBK,No
4353-HYOJD,No
5387-ASZNZ,No
5181-OABFK,No
9269-CQOOL,No
4311-QTTAI,Yes
4480-MBMLB,No
0253-ZTEOB,Yes
8819-WFGGJ,No
2867-UIMSS,Yes
0231-LXVAP,No
9840-EFJQB,No
8562-GHPPI,No
2307-FYNNL,Yes
3422-LYEPQ,No
5944-UGLLK,No
8125-QPFJD,No
4439-YRNVD,No
9896-UYMIE,Yes
0946-FKYTX,No
8746-OQQRW,No
0916-KNFAJ,No
2187-LZGPL,No
5322-ZSMZY,Yes
8944-AILEF,No
1020-JPQOW,Yes
7613-LLQFO,No
4872-JCVCA,No
8565-WUXZU,No
2439-QKJUL,No
0533-BNWKF,No
3893-JRNFS,No
3275-RHRNE,No
8313-KTIHG,No
6794-HKIAJ,No
5228-EXCET,No
9544-PYPSJ,No
4926-UMJZD,No
2476-YGEFM,Yes
2668-TZSPS,No
4451-RWASJ,No
7033-CLAMM,No
9570-KYEUA,No
9030-QGZNL,No
6549-NNDYT,No
4195-PNGZS,Yes
0506-YLVKJ,No
7398-LXGYX,Yes
5309-TAIKL,No
1839-UMACK,Yes
9398-MMQTO,Yes
5980-BDHPY,No
5781-BKHOP,No
9705-IOVQQ,No
2599-CZABP,No
2070-FNEXE,No
6702-OHFWR,No
2364-UFROM,No
5519-TEEUH,No
7115-IRDHS,Yes
9108-EQPNQ,No
7110-BDTWG,No
4670-TABXH,No
5203-XEHAX,Yes
4234-XTNEA,No
7017-VFULY,Yes
1371-WEPDS,No
1264-FUHCX,No
4800-CZMPC,No
2656-TABEH,Yes
5628-FCGYG,Yes
3354-OADJP,Yes
9300-RENDD,No
0374-AACSZ,No
5312-IRCFR,No
4779-ZGICK,Yes
7338-ERIVA,No
4958-XCBDQ,No
9770-KXGQU,Yes
5572-ZDXHY,Yes
7328-OWMOM,No
5543-QDCRY,No
2522-AHJXR,No
4821-SJHJV,No
6614-VBEGU,No
2075-RMJIK,No
4855-SNKMY,No
8601-QACRS,No
7120-RFMVS,No
1449-XQEMT,No
6368-TZZDT,No
9367-OIUXP,Yes
6270-OMFIW,Yes
5296-PSYVW,Yes
5973-EJGDP,No
8285-ABVLB,No
2946-KIQSP,No
4220-TINQT,No
6818-DJXAA,No
7054-ENNGU,No
2484-DGXPZ,No
3450-WXOAT,No
1853-ARAAQ,No
0407-BDJKB,No
1172-VIYBP,No
6559-RAKOZ,No
7279-NMVJC,No
0310-MVLET,No
7868-BGSZA,Yes
8819-ZBYNA,No
9402-ORRAH,No
3571-RFHAR,No
6778-EICRF,No
7551-DACSP,Yes
6121-VZNQB,No
8174-LNWMW,Yes
9093-FPDLG,Yes
4817-KEQSP,No
0927-CNGRH,Yes
8035-BUYVG,No
4998-IKFSE,Yes
4652-NNHNY,No
0875-CABNR,Yes
3315-TOTBP,No
4184-VODJZ,Yes
5863-OOKCL,No
7207-RMRDB,Yes
2436-QBZFP,No
0239-OXEXL,Yes
8454-AATJP,No
6086-ESGRL,No
7734-DBOAI,No
2181-UAESM,No
9647-ERGBE,No
9313-QOLTZ,No
0853-NWIFK,No
0916-QOFDP,No
7100-FQPRV,Yes
9139-TWBAS,No
3427-GGZZI,No
4090-KPJIP,Yes
2680-XKKNJ,No
1850-AKQEP,No
4827-USJHP,Yes
5151-HQRDG,Yes
5423-BHIXO,No
9752-ZNQUT,No
9585-KKMFD,No
4800-VHZKI,Yes
4616-ULAOA,No
5730-RIITO,Yes
6910-HADCM,Yes
9738-QLWTP,No
6711-VTNRE,Yes
3398-GCPMU,Yes
7465-ZZRVX,No
7690-KPNCU,No
8309-PPCED,No
7284-ZZLOH,No
6877-LGWXO,No
7766-CLTIC,No
3423-HHXAO,Yes
2146-EGVDT,No
5334-AFQJB,No
2242-MFOTG,No
2072-ZVJJX,No
3746-EUBYR,Yes
3992-YWPKO,Yes
4925-LMHOK,No
0637-KVDLV,No
3779-OSWCF,No
5480-XTFFL,No
9715-WZCLW,No
3530-CRZSB,No
9916-AYHTC,No
4521-YEEHE,No
9985-MWVIX,Yes
3400-ESFUW,No
5243-SAOTC,Yes
1104-FEJAM,Yes
0094-OIFMO,No
1455-ESIQH,No
6727-IOTLZ,No
4550-EVXNY,No
9402-ROUMJ,No
6651-AZVTJ,No
6345-HOVES,No
3071-VBYPO,No
3217-FZDMN,No
7743-EXURX,No
9659-QEQSY,No
1090-ESELR,No
5266-PFRQK,Yes
6047-YHPVI,No
5650-YLIBA,No
7711-YIJWC,Yes
7020-OZKXZ,No
8065-BVEPF,No
3249-ZPQRG,No
7041-TXQJH,No
3164-AALRN,No
9927-DSWDF,No
7235-NXZCP,No
1548-FEHVL,Yes
6480-YAGIY,Yes
2862-PFNIK,No
3795-CAWEX,No
3410-MHHUM,Yes
5510-BOIUJ,No
5197-YPYBZ,No
6734-CKRSM,No
0454-OKRCT,Yes
9921-ZVRHG,No
7469-LKBCI,Yes
7530-HDYDS,No
5315-CKEQK,Yes
5186-EJEGL,No
5777-ZPQNC,Yes
8111-SLLHI,No
2357-COQEK,Yes
8234-GSZYK,No
6458-CYIDZ,No
2292-XQWSV,No
6267-DCFFZ,No
7976-CICYS,Yes
7375-WMVMT,Yes
9496-IVVRP,No
2267-WTPYD,No
9891-NQDBD,Yes
6440-DKQGE,No
5049-GLYVG,No
7410-YTJIK,No
1930-QPBVZ,No
6784-XYJAE,No
7996-BPXHY,No
4735-ASGMA,No
5919-VCZYM,No
7595-EUIVN,No
0725-CXOTM,No
9209-NWPGU,No
1809-DMJHQ,No
0929-HYQEW,Yes
1493-AMTIE,No
3055-MJDSB,No
2606-PKWJB,No
6900-RBKER,Yes
1935-IMVBB,No
3027-YNWZU,No
7294-TMAOP,No
1194-SPVSP,No
8861-HGGKB,Yes
7852-LECYP,Yes
6023-YEBUP,No
8184-WMOFI,No
1539-LNKHM,No
6917-IAYHD,No
7247-XOZPB,No
0128-MKWSG,Yes
3873-WOSBC,Yes
5649-VUKMC,Yes
5533-RJFTJ,No
5343-SGUBI,No
7729-XBTWX,Yes
1862-QRWPE,Yes
7552-KEYGT,No
5385-SUIRI,No
4009-ALQFH,Yes
0298-XACET,No
0486-LGCCH,No
3292-PBZEJ,No
2157-MXBJS,No
2729-VNVAP,Yes
3229-USWAR,No
2657-VPXTA,No
8413-YNHNV,No
8496-EJAUI,No
8194-PEEBY,No
1866-OBPNR,Yes
4950-HKQTE,No
4578-PHJYZ,No
1389-CXMLU,No
1197-BVMVG,Yes
3886-CERTZ,No
1422-DGUBX,No
6188-UXBBR,No
7126-RBHSD,Yes
4360-QRAVE,No
9066-QRSDU,No
2911-WDXMV,No
6862-CQUMB,No
5177-RVZNU,No
7047-YXDMZ,Yes
2777-PHDEI,Yes
0277-ORXQS,No
9761-XUJWD,Yes
3704-IEAXF,No
4476-OSWTN,No
4184-TJFAN,No
6519-CFDBX,No
0557-ASKVU,No
4770-UEZOX,No
6999-CHVCF,No
2656-FMOKZ,No
2388-LAESQ,No
2386-LAHRK,No
1215-VFYVK,Yes
3115-JPJDD,No
0337-CNPZE,No
2452-KDRRH,No
5057-LCOUI,Yes
1089-HDMKP,No
6815-ABQFQ,No
5875-YPQFJ,No
8226-BXGES,No
5148-ORICT,Yes
1734-ZMNTZ,No
5472-CVMDX,No
2937-FTHUR,No
1629-DQQVB,No
9420-LOJKX,No
2346-LOCWC,No
0201-OAMXR,No
5095-AESKG,Yes
3212-KXOCR,Yes
2077-DDHJK,No
0585-EGDDA,No
2272-QAGFO,No
2876-VBBBL,No
7503-EPSZW,Yes
0266-CLZKZ,No
8246-SHFGA,No
2460-NGXBJ,Yes
9777-IQHWP,Yes
2189-UXTKY,Yes
0793-TWELN,No
2894-QOJRX,No
8749-CLJXC,No
2977-CEBSX,No
2952-QAYZF,No
3719-TDVQB,No
8232-CTLKO,Yes
1063-DHQJF,No
3419-SNJJD,Yes
4976-LNFVV,No
3771-PZOBW,No
0784-GTUUK,No
0411-EZJZE,No
7395-XWZOY,Yes
5186-PEIZU,No
3841-CONLJ,No
9470-XCCEM,Yes
4908-XAXAY,Yes
2908-WGAXL,No
9298-WGMRW,No
3647-GMGDH,No
4324-AHJKS,No
3646-ITDGM,No
0303-WMMRN,Yes
7883-ROJOC,No
8395-ETZKQ,Yes
9617-INGJY,Yes
7339-POGZN,No
7272-QDCKA,No
9318-NKNFC,No
7938-OUHIO,No
6591-QGOYB,No
4634-JLRJT,No
8963-JLGJT,No
2122-YWVYA,No
6954-OOYZZ,No
7963-SHNDT,No
5537-UXXVS,Yes
7426-RHZGU,Yes
4724-WXVWF,No
1784-BXEFA,Yes
1544-JJMYL,No
2123-VSCOT,No
2115-BFTIW,No
8417-GSODA,No
2220-IAHLS,Yes
3259-QMXUN,No
4541-RMRLG,No
3173-WSSUE,No
0221-WMXNQ,No
9776-OJUZI,No
1535-VTJOQ,No
9625-RZFUK,Yes
9620-QJREV,No
3420-ZDBMA,No
5656-MJEFC,No
8749-TZYEC,No
4822-RVYBB,No
8878-HMWBV,Yes
2786-GCDPI,No
4054-CUMIA,No
6963-EZQEE,No
0031-PVLZI,No
6380-ARCEH,No
7382-DFJTU,No
6734-GMPVK,Yes
6134-KWTBV,No
4673-KKSLS,No
6923-EFPNL,No
2018-QKYGT,No
8644-XYTSV,No
6647-ZEDXT,No
5208-FVQKB,Yes
4929-ROART,Yes
3255-GRXMG,No
1397-XKKWR,No
6230-BSUXY,Yes
3296-SILRA,Yes
4929-XIHVW,No
4081-DYXAV,Yes
7184-LRUUR,No
9102-IAYHT,No
4548-SDBKE,Yes
0650-BWOZN,Yes
3308-JSGML,No
0196-JTUQI,Yes
5451-YHYPW,No
4452-ROHMO,No
0002-ORFBO,No
0975-VOOVL,Yes
1830-GGFNM,No
6371-NZYEG,Yes
5329-KRDTM,Yes
8707-HOEDG,No
8050-DVOJX,No
5003-XZWWO,No
7989-CHGTL,No
7434-SHXLS,Yes
8874-EJNSR,Yes
2040-XBAVJ,Yes
9227-YBAXE,No
6848-YLDFR,Yes
9372-TXXPS,No
3285-UCQVC,No
4351-QLCSU,No
1095-WGNGG,No
7825-GKXMW,Yes
5574-NXZIU,No
1226-JZNKR,Yes
5244-IRFIH,No
7321-PKUYW,Yes
1956-YIFGE,No
1414-YADCW,Yes
6583-QGCSI,No
7311-MQJCH,Yes
0111-KLBQG,Yes
7113-HIPFI,No
2577-GVSIL,No
5370-IIVVL,Yes
7998-ZLXWN,No
4226-KKDON,No
6127-ISGTU,No
5130-IEKQT,No
8884-MRNSU,No
1410-RSCMR,Yes
6060-QBMGV,No
0254-WWRKD,No
0468-YRPXN,No
0847-HGRML,No
6110-OHIHY,No
4159-NAAIX,No
6654-QGBZZ,No
5843-TTHGI,Yes
4013-TLDHQ,No
0641-EVBOJ,No
4016-BJKTZ,No
3671-SHRSP,No
6681-ZSEXG,No
3642-BYHDO,No
8809-RIHDD,No
8676-OOQEJ,Yes
8800-ZKRFW,No
2664-XJZNO,No
4529-CKBCL,No
1265-HVPZB,No
7812-FZHPE,No
9787-XVQIU,Yes
3489-VSFRD,Yes
9945-PSVIP,Yes
6195-MELTI,No
8167-GJLRN,Yes
9878-TNQGW,No
5569-IDSEY,No
2675-DHUTR,Yes
7619-PLRLP,No
7164-BPTUT,No
6402-EJMWF,No
0256-LTHVJ,No
3442-ZHHCC,Yes
2452-MRMZF,Yes
3272-VUHPV,No
3902-MIVLE,No
6715-OFDBP,No
5396-IZEPB,No
5348-CAGXB,Yes
5702-KVQRD,Yes
0885-HMGPY,No
2672-DZUOY,No
2296-DKZFP,No
9725-SCPZG,No
6023-GSSXW,Yes
0254-KCJGT,No
7488-MXJIV,No
6284-KMNUF,Yes
3253-HKOKL,Yes
7379-FNIUJ,No
0635-WKOLD,No
4826-TZEVA,No
5451-MHQOF,No
3192-NQECA,No
5698-BQJOH,No
7246-ZGQDF,No
3537-RYBHH,No
2266-SJNAT,No
4104-PVRPS,No
5188-HGMLP,No
8612-GXIDD,Yes
3541-ZNUHK,No
2188-SXWVT,No
9154-QDGTH,No
2612-RANWT,No
3259-KNMRR,No
3967-VQOGC,No
2228-BZDEE,No
3550-SAHFP,Yes
6953-PBDIN,No
9058-MJLZC,Yes
2791-SFVEW,Yes
5433-KYGHE,No
0853-TWRVK,No
3213-VVOLG,No
7105-MXJLL,No
1722-LDZJS,Yes
4918-FYJNT,No
2995-YWTCD,No
7861-UVUFT,Yes
3733-LSYCE,No
3104-OWCGK,No
7182-OVLBJ,No
8984-HPEMB,No
9919-KNPOO,No
3798-EPWRR,No
5071-FBJFS,No
7851-FLGGQ,Yes
5236-XMZJY,No
6265-FRMTQ,No
1796-JANOW,No
2332-EFBJY,No
7501-VTYLJ,No
0880-FVFWF,No
4115-NZRKS,No
7209-JCUDS,No
7025-IWFHT,No
7270-BDIOA,Yes
1465-VINDH,No
0495-RVCBF,No
4086-WITJG,Yes
7459-RRWQZ,Yes
2684-EIWEO,No
4154-AQUGT,No
5546-QUERU,No
6285-FTQBF,No
0129-QMPDR,Yes
0872-CASZJ,No
1307-TVUFB,No
5753-QQWPW,Yes
8735-DCXNF,No
6185-TASNN,No
4208-UFFGW,Yes
5948-UJZLF,No
9897-KXHCM,No
6257-DTAYD,No
0354-WYROK,No
0388-EOPEX,No
6304-IJFSQ,No
6030-REHUX,No
7234-KMNRQ,Yes
5896-NPFWW,No
7661-CPURM,No
1963-SVUCV,Yes
5231-FIQPA,No
9777-WJJPR,Yes
3572-UOLYZ,No
3662-FXJFO,Yes
9554-DFKIC,Yes
6474-FVJLC,Yes
9152-AMKAK,No
6108-OQZDQ,No
5857-XRECV,No
9526-BIHHD,No
6617-WLBQC,No
0052-DCKON,No
4993-JCRGJ,No
5897-ZYEKH,No
6907-FLBER,No
6680-WKXRZ,No
1213-NGCUN,No
8627-ZYGSZ,No
1951-IEYXM,No
4080-OGPJL,Yes
4560-WQAQW,No
5940-AHUHD,No
4831-EOBFE,No
2971-SGAFL,Yes
5850-BDWCY,No
7379-POKDZ,No
6257-RJOHI,Yes
9929-PLVPA,No
7005-CCBKV,No
0623-IIHUG,No
3384-CTMSF,No
9906-NHHVC,No
3161-ONRWK,No
9512-PHSMG,No
7103-IPXPJ,No
5482-PLVPE,No
6743-HHQPF,Yes
